{
    "엘사" : "../asset/Representative_image/Elsa.png",
    "안나" : "../asset/Representative_image/Anna.png",
    "몬스터주식회사_부" : "../asset/Representative_image/Monster_inc_Boo.png",
    "라푼젤" : "../asset/Representative_image/Rapunzel.png",
    "모아나" : "../asset/Representative_image/Moana.png",
    "뮬란" : "../asset/Representative_image/Mulan.png",
    "쟈스민" : "../asset/Representative_image/Aladdin_Jasmine.png",
    "닉_퓨리" : "../asset/Representative_image/Nick_fury.png",
    "닥터_스트레인지" : "../asset/Representative_image/Dr_strange.png",
    "로키" : "../asset/Representative_image/Loki.jpg",
    "캡틴아메리카" : "../asset/Representative_image/Captain_America.png",
    "아이언맨" : "../asset/Representative_image/Iron_man.png",
    "헐크" : "../asset/Representative_image/Hulk.jpeg",
    "타노스" : "../asset/Representative_image/Thanos.jpg",
    "토르" : "../asset/Representative_image/Thor.png"
}